Number_of_Packects ,Avg_time_gap,Number_of_unique_IDs
358,0.014245810055882166,14
308,0.01558441558437777,20
359,0.01448467966577057,12
315,0.017460317460409838,15
147,0.03469387755105998,10
143,0.035664335664376344,16
131,0.03893129770996807,13
136,0.03750000000004278,12
140,0.03642857142861298,14
145,0.035172413793143564,12
138,0.03695652173917259,11
140,0.03642857142861298,15
135,0.03777777777782087,10
187,0.02299465240635484,18
154,0.03896103896122793,10
162,0.03148148148151739,14
154,0.03311688311692089,11
139,0.03669064748205624,15
145,0.035172413793143564,6
154,0.03311688311692089,9
149,0.03422818791950213,3
149,0.03422818791950213,10
143,0.035664335664376344,4
141,0.0361702127659987,15
185,0.026486486486455005,19
331,0.01631419939584072,17
254,0.020078740157503213,15
158,0.032278481012695044,13
146,0.034931506849354914,9
144,0.035416666666707064,14
102,0.05098039215669151,14
140,0.03642857142861298,13
128,0.03984375000004545,10
150,0.034000000000038784,13
143,0.035664335664376344,12
148,0.03445945945949876,13
149,0.03422818791950213,15
146,0.034931506849354914,14
143,0.035664335664376344,13
154,0.03311688311692089,12
140,0.03642857142861298,9
274,0.01751824817513998,20
253,0.021739130434897624,12
125,0.040800000000046535,4
125,0.040800000000046535,3
128,0.03984375000004545,4
131,0.03893129770996807,2
117,0.04358974358979331,8
118,0.04322033898310015,3
122,0.041803278688572275,8
135,0.03777777777782087,5
138,0.03695652173917259,6
141,0.0361702127659987,4
194,0.022680412371104,16
177,0.034463276836191055,5
136,0.03750000000004278,10
131,0.03893129770996807,7
129,0.03953488372097533,13
157,0.03248407643315807,6
134,0.03805970149258073,10
139,0.03669064748205624,8
137,0.03722627737230524,5
108,0.047222222222276095,2
124,0.04112903225811143,5
139,0.03669064748205624,3
143,0.035664335664376344,12
111,0.04594594594599835,18
219,0.01826484018278128,15
266,0.023308270676626067,7
240,0.014583333333333318,17
210,0.028095238095210362,13
244,0.02500000000002384,12
134,0.03805970149258073,8
153,0.03333333333337135,15
147,0.03469387755105998,18
159,0.032075471698149796,17
136,0.03750000000004278,10
155,0.03290322580648914,15
157,0.03248407643315807,12
214,0.023831775700961764,15
158,0.032278481012695044,16
144,0.035416666666707064,15
156,0.032692307692344984,11
157,0.03248407643315807,13
139,0.03669064748205624,10
143,0.035664335664376344,17
141,0.0361702127659987,16
136,0.03750000000004278,12
161,0.031677018633576505,12
148,0.03445945945949876,15
144,0.035416666666707064,14
190,0.02052631578959621,17
256,0.02460937499995451,7
206,0.024757281553426297,13
93,0.05591397849443587,2
187,0.027272727272758385,7
151,0.03377483443712462,2
142,0.03591549295778745,6
142,0.03591549295778745,7
160,0.03187500000003636,16
137,0.03722627737230524,11
163,0.031288343558317895,12
150,0.034000000000038784,7
123,0.04146341463419364,10
136,0.03750000000004278,7
156,0.032692307692344984,13
145,0.035172413793143564,6
172,0.029651162790731496,3
141,0.0361702127659987,4
154,0.03311688311692089,5
124,0.04112903225811143,5
136,0.03750000000004278,10
137,0.03722627737230524,3
148,0.03445945945949876,10
134,0.03805970149258073,3
135,0.03777777777782087,8
130,0.03923076923081398,3
186,0.02741935483874095,17
197,0.025888324873125975,18
151,0.03377483443712462,12
152,0.03355263157898564,14
169,0.023076923077060826,17
156,0.04038461538454074,7
144,0.031249999999999976,16
166,0.03614457831325299,9
168,0.030357142857177482,15
130,0.03923076923081398,9
157,0.03248407643315807,8
148,0.03445945945949876,2
136,0.03750000000004278,4
132,0.038636363636407704,2
131,0.038931297709968074,6
94,0.054255319148998074,16
193,0.019689119171074916,17
291,0.021993127147746306,5
274,0.014598540145985385,15
225,0.02577777777772602,6
291,0.01993127147772322,14
142,0.03732394366209478,7
134,0.03805970149258073,11
142,0.03591549295778745,25
133,0.03834586466169787,16
127,0.04015748031500643,11
141,0.0361702127659987,13
138,0.03695652173917259,10
148,0.03445945945949876,15
150,0.034000000000038784,14
143,0.035664335664376344,13
146,0.034931506849354914,10
145,0.035172413793143564,15
140,0.03642857142861298,8
137,0.03722627737230524,11
152,0.03355263157898564,6
158,0.032278481012695044,11
441,0.011564625850353326,7
404,0.012623762376252023,12
141,0.0361702127659987,6
139,0.03669064748205624,10
136,0.03750000000004278,7
156,0.02820512820509087,11
118,0.049152542373029316,5
134,0.03134328358195921,13
143,0.035664335664376344,13
146,0.034931506849354914,16
156,0.032692307692344984,16
143,0.03076923076919004,12
146,0.041780821917848064,12
156,0.030769230769156122,17
135,0.04000000000017244,11
148,0.03648648648644713,10
177,0.025988700565004616,15
130,0.043076923076967824,10
130,0.03923076923081398,17
183,0.022404371584731245,14
137,0.04014598540145983,13
151,0.037748344370938,12
130,0.03692307692321122,15
111,0.039639639639587165,11
129,0.03953488372097533,11
121,0.04214876033062659,12
128,0.03437500000018187,17
116,0.04224137931029463,12
127,0.04645669291333998,5
126,0.03571428571428569,11
129,0.04186046511645953,10
138,0.02898550724637679,9
142,0.04154929577460688,13
136,0.03750000000004278,10
114,0.04912280701759489,6
129,0.03953488372097533,12
185,0.025945945945883,12
105,0.05142857142879314,9
129,0.03720930232571673,11
140,0.03857142857138697,8
139,0.03381294964016212,11
120,0.04666666666671515,7
182,0.028021978022009984,14
150,0.02733333333337212,11
184,0.033152173913075095,6
138,0.03333333333337549,15
194,0.028865979381473283,6
154,0.033116883116920896,15
134,0.034328358208998634,14
134,0.041791044776162814,9
145,0.035172413793143564,7
138,0.03695652173917259,11
159,0.032075471698149796,4
150,0.034000000000038784,10
146,0.034931506849354914,4
130,0.03923076923081398,10
156,0.029487179487216776,19
171,0.034502923976574125,20
146,0.03493150684935493,12
132,0.032575757575669356,19
140,0.04000000000024943,12
184,0.026086956521675843,13
143,0.03916083916087985,8
206,0.02233009708740688,12
158,0.033544303797394655,11
97,0.058762886598058124,8
130,0.03923076923081398,11
181,0.028176795580142636,17
211,0.025592417061583772,10
117,0.047863247863297584,8
135,0.03777777777782087,12
150,0.034000000000038784,11
130,0.039230769230813985,16
141,0.030496453900626632,14
162,0.03765432098769023,13
156,0.032692307692344984,14
122,0.03688524590163932,17
149,0.0328859060404247,12
171,0.034502923976574125,12
168,0.030357142857004246,14
117,0.04871794871804819,10
144,0.035416666666707064,13
199,0.02562814070354682,14
140,0.03857142857138698,10
124,0.03629032258064514,10
123,0.046341463414728765,9
164,0.03109756097564523,8
122,0.03524590163924882,18
146,0.040410958904269045,5
194,0.02628865979384442,15
145,0.031034482758821383,17
121,0.0471074380163846,13
141,0.03191489361702125,18
140,0.04214285714281554,9
118,0.04322033898310015,12
130,0.036923076922987345,18
154,0.03701298701306258,8
129,0.03953488372097533,15
161,0.031677018633576505,13
172,0.03139534883717544,11
123,0.04146341463419365,3
151,0.033774834437124625,9
148,0.03445945945949877,4
124,0.0395161290324458,9
133,0.03909774436077094,3
143,0.035664335664376344,21
156,0.032692307692344984,17
152,0.03157894736834444,13
138,0.037681159420374186,10
128,0.039062500000227346,14
141,0.04042553191476975,11
148,0.031081081081120388,13
149,0.035570469798579564,11
130,0.041538461538416734,13
137,0.04087591240880158,11
155,0.02967741935487624,16
138,0.03695652173917259,11
163,0.03251533742341999,14
142,0.03943661971814587,11
139,0.03669064748205624,10
130,0.034615384615384596,12
140,0.040714285714368845,9
154,0.033116883116920896,15
407,0.012530712530726823,11
292,0.017123287671232865,5
157,0.03248407643315807,6
133,0.03834586466169787,3
108,0.04722222222227609,8
129,0.039534883720975335,9
166,0.024698795180757935,23
136,0.04485294117651336,10
154,0.026623376623225413,13
184,0.035326086956679895,8
119,0.04285714285719174,13
145,0.035172413793143564,12
149,0.03288590604022937,13
145,0.03862068965521253,9
147,0.03265306122441058,16
131,0.042748091603097844,13
144,0.033333333333454576,19
100,0.04799999999988355,9
124,0.041935483871061593,14
156,0.035897435897473184,11
136,0.03970588235289835,10
128,0.03984375000004545,10
127,0.03858267716530847,16
183,0.03060109289620665,13
170,0.03000000000003423,11
160,0.03187500000003636,4
168,0.030357142857177482,10
164,0.031097560975645228,4
143,0.035664335664376344,11
183,0.02732240437158468,13
142,0.03661971830994111,16
165,0.030909090909126163,18
144,0.03194444444448484,17
131,0.042748091603097844,11
141,0.0361702127659987,17
128,0.03984375000004545,11
131,0.035114503816838304,15
121,0.048760330578464274,9
132,0.038636363636407704,13
139,0.03669064748205624,11
154,0.03311688311692089,9
168,0.030357142857177482,4
196,0.026020408163294987,9
136,0.03750000000004278,3
181,0.028176795580142636,11
144,0.034722222222222196,13
142,0.032394366197224064,21
176,0.03181818181821487,12
204,0.02401960784325137,11
138,0.030434782608569088,18
146,0.03767123287671231,12
112,0.05089285714296105,10
94,0.05425531914899807,10
120,0.04250000000004848,12
135,0.037777777777820876,13
134,0.03805970149258073,16
115,0.0443478260870071,17
106,0.04811320754722469,12
111,0.04594594594599835,14
153,0.03333333333337135,13
123,0.04471544715447152,10
108,0.04722222222227609,12
135,0.03777777777782087,12
118,0.0398305084746749,16
93,0.05806451612896963,7
100,0.05100000000005818,2
139,0.03597122302158271,4
130,0.039230769230813985,3
116,0.043965517241429455,4
134,0.03805970149258073,12
165,0.030909090909126163,25
118,0.04322033898310015,13
139,0.03237410071942443,14
139,0.041007194244688044,10
138,0.03695652173917259,15
115,0.04434782608700712,14
139,0.03309352517989796,13
147,0.040136054421729093,11
142,0.03591549295778745,13
134,0.038059701492580734,12
99,0.058585858585740974,12
168,0.020238095238233805,5
155,0.03999999999988733,12
155,0.03677419354846218,8
188,0.027127659574499027,11
254,0.020472440944813125,8
168,0.030357142857177482,13
130,0.03923076923081398,23
159,0.030817610063039493,14
180,0.028888888888791858,18
154,0.029220779220779203,14
177,0.032203389830574226,11
121,0.04214876033062659,10
144,0.035416666666707064,13
136,0.03161764705895192,15
191,0.03089005235599045,13
127,0.04015748031500643,14
145,0.035172413793143564,4
128,0.03984375000004545,12
152,0.03355263157898564,4
115,0.0443478260870071,10
133,0.03834586466169788,5
133,0.03834586466169787,10
137,0.03722627737230524,10
122,0.04180327868857229,10
118,0.04322033898310016,7
138,0.03695652173917259,10
140,0.036428571428612985,9
124,0.04112903225811143,10
120,0.042500000000048485,7
149,0.03422818791950213,20
131,0.038931297709968074,13
134,0.03805970149258073,11
129,0.035658914728727266,12
141,0.03900709219858154,15
228,0.022368421052657093,14
155,0.027096774193623472,13
160,0.03749999999999998,9
150,0.029999999999999975,15
158,0.03607594936716227,4
150,0.034000000000038784,7
165,0.030909090909126163,4
122,0.041803278688572275,6
172,0.0296511627907315,4
161,0.031677018633576505,14
224,0.020535714285740254,11
450,0.012444444444457371,13
135,0.037777777777820876,11
143,0.03706293706285563,10
102,0.05000000000005704,6
128,0.03984375000004545,12
162,0.03148148148151739,12
150,0.034000000000038784,13
122,0.041803278688572275,12
135,0.03777777777782087,11
158,0.032278481012695044,13
135,0.037777777777820876,11
116,0.043965517241429455,8
146,0.03493150684935492,13
147,0.03469387755105998,13
133,0.037593984962405985,21
126,0.04285714285709664,16
146,0.03219178082179818,17
146,0.038356164383601496,15
132,0.038636363636407704,11
138,0.032608695652173884,14
155,0.03870967741935481,10
169,0.030177514792933836,15
119,0.033613445378151245,11
158,0.03607594936716227,16
120,0.046666666666715144,9
122,0.04180327868857228,11
128,0.03984375000004545,10
148,0.03445945945949876,7
125,0.04080000000004654,16
156,0.032692307692344984,11
112,0.04375000000020786,10
130,0.03999999999986565,6
127,0.04015748031500644,10
130,0.03923076923081398,4
144,0.035416666666707064,8
128,0.03984375000004545,3
151,0.033112582781456935,8
117,0.04444444444454392,3
128,0.03984375000004545,6
145,0.035172413793143564,3
117,0.04358974358979331,2
165,0.029696969697110786,2
244,0.021311475409764483,4
138,0.03695652173917259,9
124,0.036290322580645136,7
149,0.03758389261748871,4
131,0.03893129770996807,8
115,0.04434782608700712,3
159,0.032075471698149796,9
121,0.042148760330626596,4
127,0.04015748031500644,4
118,0.04322033898310016,2
147,0.03469387755105998,4
167,0.03053892215572346,3
139,0.03669064748205624,15
146,0.034931506849354914,11
165,0.026060606060535483,12
124,0.04919354838714369,9
150,0.034000000000038784,11
157,0.026114649681565714,7
120,0.04416666666656964,11
118,0.05000000000019729,5
129,0.03875968992248059,5
129,0.03953488372097533,2
134,0.03805970149258073,4
119,0.04285714285719175,2
133,0.03834586466169787,13
124,0.03306451612907917,8
137,0.044525547445297936,10
135,0.037777777777820876,7
150,0.034000000000038784,11
137,0.037226277372305244,6
138,0.0369565217391726,9
179,0.027374301676107708,10
142,0.036619718309736156,10
153,0.03333333333337135,8
124,0.04112903225811143,10
142,0.03591549295778745,9
124,0.0370967741935953,13
199,0.02814070351761718,5
124,0.04112903225811143,18
164,0.031097560975645228,22
153,0.029411764705882328,18
231,0.022510822510872892,11
182,0.03076923076926274,13
127,0.04015748031500643,12
124,0.04112903225811143,13
125,0.040800000000046535,15
135,0.03777777777782087,11
136,0.03750000000004278,14
118,0.04322033898310015,15
157,0.03248407643315807,14
136,0.03308823529411762,18
139,0.041007194244688044,10
125,0.040800000000046535,11
166,0.030722891566300103,12
138,0.03695652173917259,12
142,0.03591549295778746,18
160,0.029375000000072742,16
169,0.03254437869822483,9
125,0.040800000000046535,7
135,0.037777777777820876,2
169,0.03017751479293383,5
106,0.0481132075472247,2
153,0.03333333333337135,4
146,0.034931506849354914,15
138,0.03188405797097229,14
118,0.04915254237302932,6
120,0.04250000000004848,10
123,0.041463414634193646,9
126,0.04047619047623664,10
143,0.03566433566437635,8
114,0.044736842105314194,10
131,0.03893129770996807,4
116,0.04396551724142947,10
125,0.04080000000004654,4
152,0.03289473684210524,10
112,0.045535714285766235,5
118,0.04322033898310015,5
123,0.04146341463419365,5
161,0.031677018633576505,6
127,0.04015748031500643,4
129,0.03953488372097534,5
246,0.02073170731709682,17
401,0.010972568578539087,24
264,0.02234848484857303,17
247,0.020647773279375777,12
198,0.02272727272727271,15
206,0.028155339805909993,14
122,0.04180327868857229,14
227,0.01497797356825628,16
233,0.029184549356298106,7
123,0.04146341463419365,14
136,0.03750000000004278,14
144,0.035416666666707064,14
130,0.03923076923081398,11
118,0.043220338983100154,12
123,0.04146341463419364,17
165,0.029090909091014902,13
128,0.04140624999990902,9
130,0.03923076923081398,13
193,0.026424870466351384,15
186,0.02741935483874096,12
119,0.04285714285719174,6
122,0.04180327868857228,10
170,0.030000000000034218,10
120,0.04250000000004848,10
116,0.043965517241429455,6
121,0.04214876033062659,11
149,0.03422818791950213,10
115,0.0443478260870071,2
134,0.03805970149258073,2
130,0.038461538461538436,2
118,0.043220338983100154,3
128,0.03515624999999997,16
126,0.0452380952381876,7
138,0.03695652173917259,12
113,0.04513274336288334,11
130,0.03923076923081398,12
117,0.04358974358979331,6
180,0.026111111111175766,13
168,0.03333333333336796,11
121,0.042148760330626596,15
154,0.03311688311692089,6
122,0.041803278688572275,9
148,0.03445945945949877,12
126,0.03968253968253965,7
127,0.04015748031500644,11
124,0.04112903225811143,12
140,0.03642857142861298,10
142,0.03450704225368507,11
112,0.046428571428415485,4
126,0.04047619047623664,9
111,0.04594594594599836,4
225,0.020888888888940613,11
275,0.020363636363657515,6
249,0.017269076305174116,20
140,0.04428571428579742,12
160,0.03187500000003636,11
123,0.04146341463419364,8
131,0.03893129770996807,12
155,0.03290322580648914,14
137,0.03722627737230524,10
141,0.0361702127659987,8
157,0.03248407643315807,10
128,0.039843750000045454,2
127,0.04015748031500645,4
127,0.04015748031500643,4
161,0.031677018633576505,5
135,0.037777777777820876,12
154,0.03311688311692089,22
161,0.031677018633576505,23
157,0.028662420382350957,17
140,0.040714285714160955,10
125,0.04080000000004655,11
138,0.03695652173917259,12
140,0.03785714285705968,14
455,0.009230769230794808,19
437,0.010297482837595193,20
169,0.039644970414097834,8
139,0.03669064748205624,12
129,0.039534883720975335,9
126,0.04047619047623664,10
157,0.03248407643315807,7
128,0.03984375000004545,11
146,0.03493150684935492,9
141,0.03617021276599871,10
139,0.03741007194232039,8
126,0.04047619047623664,13
121,0.04214876033062659,8
126,0.04047619047623664,11
122,0.041803278688572275,6
133,0.03834586466169787,9
152,0.03355263157898564,9
158,0.03227848101269505,22
144,0.035416666666707064,15
128,0.03984375000004545,13
166,0.03072289156630011,19
122,0.04180327868857228,14
126,0.04047619047623664,6
143,0.03006993007005216,15
171,0.035087719298075394,11
85,0.06000000000006845,9
193,0.026424870466351384,11
333,0.015315315315332784,14
142,0.03591549295778745,11
125,0.040800000000046535,11
128,0.03984375000004545,10
144,0.035416666666707064,12
126,0.032539682539728707,12
148,0.04121621621625553,7
125,0.040800000000046535,11
144,0.025694444444525268,14
151,0.04437086092703665,13
139,0.03669064748205624,12
141,0.0361702127659987,12
198,0.01767676767691465,15
334,0.020359281437090877,17
183,0.02786885245904818,12
135,0.03851851851838914,12
118,0.04322033898310015,9
125,0.040800000000046535,4
137,0.03722627737230524,10
106,0.04811320754722469,4
125,0.040800000000046535,9
122,0.041803278688572275,5
126,0.03968253968253966,4
101,0.0504950495050081,2
121,0.0421487603306266,4
121,0.040495867768787434,2
123,0.04227642276408564,12
136,0.03750000000004278,6
124,0.04112903225811144,9
134,0.03805970149258073,4
124,0.04112903225811144,10
119,0.04285714285719175,4
147,0.03469387755105998,10
142,0.03591549295778745,12
145,0.035172413793143564,10
122,0.041803278688572275,8
149,0.03422818791950213,13
131,0.03893129770996807,10
133,0.03834586466169787,10
136,0.03750000000004278,7
144,0.03402777777753522,21
176,0.03125000000016534,14
177,0.028813559322066765,14
154,0.03311688311692089,10
130,0.03923076923081398,17
113,0.04513274336288334,13
124,0.04112903225811143,14
152,0.03355263157898564,10
122,0.041803278688572275,13
135,0.037777777777820876,14
153,0.03333333333337136,18
164,0.03292682926825717,14
119,0.04285714285719175,12
118,0.043220338983100154,15
195,0.023076923076923057,16
193,0.03108808290140359,11
143,0.035664335664376344,13
138,0.03623188405797099,13
124,0.04112903225811144,12
180,0.028333333333365657,17
130,0.03923076923081398,10
146,0.034931506849354914,13
124,0.04112903225811144,11
164,0.031097560975645228,15
145,0.030344827586166728,17
124,0.045967741935577726,9
127,0.04015748031500643,12
123,0.04146341463419364,13
139,0.03669064748205624,17
113,0.04513274336288334,11
138,0.0369565217391726,12
127,0.04015748031500644,12
147,0.03469387755105998,12
129,0.03953488372097533,15
129,0.03953488372097533,12
144,0.035416666666707064,15
124,0.04112903225811144,16
124,0.04112903225811143,13
126,0.04047619047623664,11
152,0.028947368421205787,16
127,0.045669291338490986,9
116,0.04396551724142947,13
144,0.035416666666707064,11
119,0.04285714285719174,12
114,0.04473684210531419,14
134,0.03805970149258073,15
143,0.035664335664376344,10
125,0.04080000000004654,8
120,0.04250000000004848,12
114,0.04473684210531419,10
138,0.03768115942016329,10
117,0.04358974358979331,10
102,0.05000000000005705,11
130,0.039230769230813985,12
154,0.03311688311692089,20
142,0.035915492957787454,13
112,0.04553571428576623,13
179,0.028491620111764343,13
120,0.042500000000048485,11
204,0.025000000000028517,15
206,0.0203883495146196,16
271,0.02214022140221401,11
268,0.01753731343277065,16
197,0.02791878172603604,9
187,0.027272727272758382,11
132,0.03863636363640771,4
112,0.04553571428576623,11
104,0.04903846153851748,4
112,0.04553571428576623,10
120,0.04250000000004848,9
116,0.043965517241429455,17
114,0.04385964912280699,12
124,0.04112903225811143,10
123,0.04146341463419364,14
137,0.03722627737230524,14
118,0.04322033898310015,7
104,0.04903846153851747,17
130,0.03923076923081398,13
113,0.04513274336288334,2
129,0.03953488372097533,2
121,0.04214876033062659,3
125,0.040800000000046535,2
116,0.04051724137941068,2
125,0.043199999999953415,4
118,0.043220338983100154,4
147,0.03469387755105998,5
140,0.03642857142861298,4
129,0.03953488372097533,7
148,0.029054054053975372,18
142,0.0359154929579924,20
143,0.03706293706305915,15
125,0.041599999999860277,11
118,0.045762711864357423,14
118,0.0466101694915254,12
122,0.03524590163924882,14
122,0.04344262295096278,12
130,0.04384615384624337,12
198,0.022222222222192806,15
137,0.040145985401459826,14
133,0.0368421052631141,14
137,0.040875912409014024,13
121,0.03636363636358823,10
150,0.04066666666670545,11
122,0.03442622950805356,17
147,0.04149659863949536,11
126,0.032539682539728707,14
110,0.05545454545459835,11
143,0.032167832167872855,14
126,0.04444444444449061,15
119,0.03445378151265393,12
151,0.03509933774846,13
139,0.042446043165425724,11
119,0.04285714285719175,12
126,0.04047619047623665,16
149,0.02953020134224279,15
176,0.03011363636373556,11
127,0.04409448818902219,14
118,0.03728813559317098,11
142,0.043661971830862914,11
115,0.0443478260870071,15
115,0.044347826087007124,11
153,0.03333333333337135,13
128,0.03984375000004545,14
123,0.04634146341472877,11
102,0.05490196078437076,10
141,0.0361702127659987,15
125,0.036800000000046545,13
140,0.0357142857142857,9
118,0.038983050847506924,11
155,0.04000000000007509,12
115,0.0443478260870071,14
153,0.036601307189580504,9
119,0.047058823529460655,9
134,0.03805970149258073,16
166,0.02710843373493974,20
113,0.05044247787620919,11
132,0.038636363636407704,12
135,0.03777777777782087,13
129,0.03953488372097533,15
122,0.04016393442642032,14
241,0.021576763485404705,15
175,0.029142857142890385,11
115,0.0443478260870071,13
170,0.02941176470588233,17
113,0.0477876106194175,13
124,0.03306451612907917,14
127,0.04330708661417321,14
153,0.03725490196086038,12
132,0.0424242424242865,15
113,0.04513274336288334,13
131,0.03740458015284946,11
117,0.04444444444429516,15
160,0.026875000000109124,11
129,0.04573643410848198,16
127,0.04015748031500643,15
99,0.05151515151521027,8
147,0.032653061224410584,17
143,0.037762237762400556,9
117,0.04358974358979331,12
121,0.04214876033062659,16
119,0.047899159663963346,9
134,0.03880597014912339,7
114,0.04473684210531419,5
134,0.03805970149258073,4
138,0.036231884057970995,6
140,0.03642857142861298,3
108,0.04722222222227609,4
116,0.043965517241429455,2
148,0.03445945945949876,4
123,0.04146341463419364,3
112,0.04553571428576623,4
128,0.03984375000004545,21
137,0.03722627737230524,20
140,0.03642857142861298,12
123,0.04146341463419364,13
123,0.04146341463419364,14
145,0.036551724137850725,15
109,0.0422018348627057,11
133,0.039849624060062816,13
129,0.037984496123985856,15
119,0.05126050420172957,9
116,0.043965517241429455,10
150,0.0320000000001164,10
130,0.04076923076914119,9
126,0.034126984127122686,15
195,0.030256410256380387,7
138,0.030434782608569088,13
109,0.05596330275234696,6
146,0.03493150684935492,22
132,0.038636363636407704,10
159,0.032075471698149796,11
137,0.03357664233580889,15
136,0.039705882352898354,14
131,0.03969465648886063,11
128,0.0382812499999545,16
120,0.040833333333284795,11
133,0.04210526315793848,13
143,0.035664335664376344,12
119,0.042857142857191756,11
114,0.044736842105314194,12
116,0.03620689655182446,14
144,0.03402777777773733,11
114,0.049122807017594895,13
131,0.042748091603097844,8
143,0.035664335664376344,13
128,0.0343749999999545,14
124,0.0467741935485279,14
125,0.03999999999999997,10
125,0.043199999999953415,10
112,0.0366071428571948,13
138,0.044202898550766805,10
138,0.03695652173917259,11
114,0.04473684210531419,16
136,0.03750000000004278,13
115,0.0443478260870071,8
143,0.035664335664376344,3
106,0.04811320754722469,5
114,0.04473684210531419,3
133,0.03533834586474916,5
122,0.03934426229522507,18
126,0.04523809523795662,18
131,0.031297709923708526,17
137,0.04452554744529794,10
122,0.04098360655737702,16
120,0.04499999999995146,13
119,0.03445378151265393,14
144,0.04236111111115151,14
138,0.03695652173917259,13
161,0.03540372670814682,11
205,0.024878048780516186,12
127,0.04015748031500643,6
166,0.03072289156630011,4
111,0.04594594594599835,6
127,0.03937007874015745,6
120,0.04250000000004848,6
114,0.04473684210531419,2
130,0.037692307692486764,5
107,0.048598130840958265,2
113,0.04513274336288334,4
114,0.044736842105314194,2
173,0.029479768786160793,15
110,0.046363636363689266,6
108,0.04722222222227609,12
117,0.04358974358979331,7
147,0.02925170068019289,12
125,0.047200000000186246,4
149,0.028859060402801735,12
134,0.04328358208946533,4
119,0.04285714285719174,5
112,0.04553571428576623,3
114,0.04473684210531419,5
128,0.032812499999863555,4
130,0.03923076923081399,9
139,0.03669064748205624,4
136,0.03750000000004278,9
130,0.03923076923081398,3
119,0.04285714285719174,8
139,0.03669064748205625,9
201,0.02537313432838715,22
121,0.04214876033062659,20
116,0.043965517241429455,12
127,0.038582677165537635,12
128,0.04062499999986355,15
125,0.03439999999990684,14
146,0.03698630137002246,14
150,0.030666666666705446,11
126,0.04841269841274458,15
115,0.0443478260870071,9
146,0.03835616438360149,15
162,0.03148148148151739,12
201,0.02139303482581271,14
465,0.01225806451615406,18
145,0.03862068965521253,14
143,0.030769230769190047,16
108,0.05370370370386537,10
126,0.035714285714285685,16
145,0.03931034482766647,13
170,0.03352941176477434,9
120,0.04250000000004848,13
111,0.03873873873889602,16
138,0.04202898550716199,9
131,0.03893129770996807,12
109,0.04678899082574145,15
137,0.03649635036496348,14
134,0.03805970149258073,13
113,0.049557522123945284,9
116,0.04396551724142947,11
135,0.04148148148152457,5
142,0.03591549295778745,9
119,0.04285714285719175,4
170,0.030000000000034218,11
104,0.04903846153851747,4
153,0.03333333333337136,20
128,0.03984375000004545,15
154,0.03311688311692089,14
117,0.04358974358979332,14
117,0.04358974358979331,12
148,0.03378378378378376,13
132,0.038636363636407704,12
124,0.04112903225811143,14
145,0.0317241379310746,16
142,0.031690140845070394,11
118,0.053389830508375896,12
127,0.04015748031500643,13
115,0.03565217391309406,11
158,0.032278481012695044,13
169,0.030177514792933836,14
145,0.031724137931074606,14
144,0.034722222222222196,13
137,0.03576642335762172,11
131,0.046564885496227615,9
119,0.04285714285719175,7
132,0.038636363636407704,13
119,0.04285714285719174,11
356,0.014325842696645554,15
215,0.020930232558139517,10
123,0.04878048780487802,9
119,0.042857142857191756,10
114,0.04473684210531419,6
111,0.04594594594599836,2
111,0.04594594594599836,4
112,0.045535714285766235,2
115,0.0443478260870071,4
138,0.03695652173917259,13
118,0.04322033898310015,9
119,0.04285714285719174,9
152,0.03157894736853592,11
125,0.04239999999990684,6
147,0.03469387755105998,9
113,0.04513274336288334,10
149,0.03422818791950213,14
128,0.03984375000004545,12
122,0.046721311475505234,11
122,0.041803278688572275,12
156,0.032692307692344984,11
111,0.04594594594599836,12
117,0.03675213675203722,14
132,0.044696969697146066,6
112,0.04553571428576623,9
120,0.04250000000004848,3
122,0.04016393442642033,8
119,0.043697478991449865,3
121,0.04214876033062659,9
108,0.04722222222227609,3
137,0.03722627737230524,3
120,0.042500000000048485,2
123,0.04146341463419364,2
115,0.0443478260870071,2
157,0.03248407643315807,12
112,0.045535714285766235,3
117,0.04358974358979332,8
119,0.04285714285719175,3
132,0.038636363636407704,7
134,0.038059701492580734,4
112,0.04553571428576623,6
132,0.03787878787878785,3
123,0.041463414634193646,6
158,0.032278481012695044,4
272,0.01875000000002139,7
122,0.04180327868857228,3
114,0.044736842105314194,5
140,0.036428571428612985,2
140,0.03642857142861298,4
124,0.04112903225811144,3
136,0.03750000000004278,18
132,0.038636363636407704,20
157,0.03248407643315807,22
135,0.03777777777782087,16
131,0.0351145038168383,14
141,0.03900709219858153,9
143,0.03566433566437635,14
119,0.04285714285719174,13
142,0.035915492957787454,16
140,0.03642857142861298,14
132,0.038636363636407704,13
129,0.03953488372097533,13
134,0.038059701492580734,12
124,0.04112903225811144,4
103,0.0495145631068526,10
128,0.03984375000004545,5
143,0.03566433566437635,9
134,0.0402985074626431,9
134,0.03805970149258073,23
140,0.036428571428612985,17
157,0.03248407643315807,13
132,0.038636363636407704,12
141,0.0361702127659987,16
126,0.04047619047623664,10
149,0.03422818791950213,15
148,0.02770270270274201,14
138,0.0398550724637681,13
144,0.039583333333414156,9
133,0.03834586466169787,9
127,0.04015748031500643,3
140,0.036428571428612985,7
137,0.03722627737230524,3
122,0.041803278688572275,6
139,0.030935251798686753,17
147,0.03605442176862826,22
138,0.037681159420374186,13
173,0.02832369942193165,12
186,0.031182795699018596,9
130,0.03923076923081398,11
147,0.03469387755105998,16
150,0.030666666666705446,15
132,0.038636363636407704,12
139,0.03669064748205624,12
156,0.032692307692344984,13
141,0.0361702127659987,7
124,0.04112903225811143,3
166,0.030722891566300103,9
154,0.03311688311692089,3
131,0.03893129770996807,8
135,0.03777777777782087,3
150,0.034000000000038784,7
152,0.03355263157898564,4
133,0.03834586466169788,6
147,0.03469387755105999,4
126,0.04047619047623664,2
120,0.04250000000004848,2
128,0.03984375000004545,2
131,0.03893129770996807,3
154,0.0292207792207792,5
137,0.04160583941614334,4
125,0.040800000000046535,6
130,0.03923076923081398,2
144,0.035416666666707064,5
150,0.034000000000038784,3
138,0.03695652173917259,7
127,0.04015748031500643,3
132,0.038636363636407704,6
156,0.032692307692344984,4
129,0.03953488372097533,6
150,0.028666666666589034,20
145,0.04068965517257434,10
140,0.03642857142861298,10
150,0.03133333333341092,12
132,0.04772727272718451,6
153,0.03333333333337135,12
133,0.03834586466169788,7
178,0.024157303370721094,15
170,0.034705882353078116,4
125,0.03999999999999999,6
148,0.03445945945949876,5
119,0.04285714285719174,6
96,0.053125000000060596,3
124,0.04112903225811144,4
130,0.04076923076914119,2
118,0.04322033898310016,2
109,0.04678899082574145,2
125,0.040800000000046535,2
135,0.03777777777782088,5
99,0.05151515151521029,4
245,0.02081632653063599,3
182,0.02802197802200999,5
123,0.04146341463419364,2
130,0.03923076923081398,4
113,0.04513274336288334,2
130,0.03923076923081398,5
153,0.03333333333337135,2
133,0.03834586466169787,4
131,0.03893129770996807,3
137,0.03722627737230524,2
130,0.03923076923081398,2
127,0.04015748031500643,3
147,0.03469387755105998,12
143,0.035664335664376344,18
148,0.03445945945949876,10
138,0.03695652173917259,14
143,0.035664335664376344,11
146,0.034931506849354914,11
135,0.03407407407411717,13
144,0.03888888888892929,12
230,0.02217391304350356,9
290,0.014827586206856393,17
274,0.021897810219084306,4
314,0.016242038216579036,6
214,0.023831775700961767,3
237,0.0215189873417967,5
177,0.024293785310668673,10
154,0.039610389610427385,17
127,0.04015748031500643,6
155,0.03290322580648914,16
141,0.0361702127659987,9
140,0.034285714285631104,11
153,0.038562091503420125,7
140,0.03071428571441042,14
135,0.0355555555554693,10
150,0.03466666666655023,21
148,0.02702702702722365,19
158,0.03734177215167767,15
78,0.030769230769529254,6
33,0.03636363636310718,1
126,0.04047619047623664,3
147,0.03469387755105998,2
124,0.04112903225811143,2
134,0.03805970149258073,3
140,0.03642857142861298,2
135,0.03777777777782087,2
136,0.03750000000004278,3
133,0.03834586466169787,2
214,0.023831775700961764,3
313,0.016293929712478648,4
138,0.03695652173917259,2
160,0.03187500000003636,3
129,0.03953488372097533,2
120,0.04250000000004848,2
127,0.04015748031500643,3
140,0.03642857142861298,2
128,0.03984375000004545,2
151,0.03377483443712462,3
131,0.03893129770996807,2
119,0.04285714285719174,2
135,0.037777777777820876,3
144,0.035416666666707064,2
125,0.04080000000004654,2
172,0.029651162790731496,3
158,0.03227848101269505,2
157,0.03248407643315807,3
182,0.028571428571332606,3
148,0.03445945945949876,2
167,0.030538922155723458,3
139,0.03669064748205624,2
163,0.031288343558317895,3
143,0.035664335664376344,2
123,0.04146341463419364,2
127,0.04015748031500643,3
144,0.035416666666707064,2
128,0.03984375000004545,2
152,0.03355263157898564,3
145,0.035172413793143564,2
137,0.03722627737230524,3
157,0.03248407643315807,2
146,0.034931506849354914,3
135,0.03777777777782087,2
140,0.03642857142861298,2
128,0.03984375000004545,3
131,0.03893129770996807,2
151,0.03377483443712462,2
135,0.03777777777782087,3
143,0.035664335664376344,2
147,0.03469387755105998,2
262,0.019465648854984034,4
290,0.017586206896571782,4
146,0.034931506849354914,2
164,0.031097560975645228,3
142,0.03591549295778745,2
136,0.03750000000004278,3
144,0.035416666666707064,2
138,0.03695652173917259,2
128,0.03984375000004545,3
132,0.038636363636407704,2
167,0.030538922155723458,3
132,0.038636363636407704,3
137,0.03722627737230524,2
127,0.04015748031500644,2
125,0.040800000000046535,3
132,0.038636363636407704,2
121,0.04214876033062659,2
136,0.03750000000004278,2
124,0.04112903225811143,3
140,0.03642857142861298,2
132,0.03863636363640771,2
138,0.03695652173917259,3
130,0.03923076923081398,2
119,0.04285714285719174,2
139,0.03669064748205624,2
137,0.03722627737230524,3
165,0.030909090909126163,2
136,0.03750000000004278,3
135,0.03777777777782087,2
129,0.03953488372097533,2
148,0.03445945945949876,3
137,0.03722627737230524,2
134,0.03805970149258073,2
150,0.034000000000038784,3
131,0.03893129770996807,2
136,0.03750000000004278,3
148,0.03445945945949876,2
144,0.035416666666707064,2
149,0.03422818791950213,3
165,0.030909090909126163,3
217,0.023502304147492246,3
146,0.034931506849354914,2
139,0.03669064748205624,2
161,0.031677018633576505,3
131,0.03893129770996807,2
136,0.03750000000004278,3
133,0.03834586466169787,2
132,0.038636363636407704,2
130,0.03923076923081398,3
166,0.030722891566300103,2
129,0.03953488372097533,2
157,0.03248407643315807,3
170,0.030000000000034218,3
124,0.04112903225811143,2
158,0.032278481012695044,2
149,0.03422818791950213,3
140,0.03642857142861298,2
129,0.03953488372097533,3
139,0.03669064748205624,2
131,0.03893129770996807,2
137,0.03722627737230524,3
124,0.04112903225811143,2
132,0.038636363636407704,2
127,0.04015748031500643,2
135,0.03777777777782087,3
125,0.040800000000046535,2
136,0.03750000000004278,2
133,0.03834586466169787,2
137,0.03722627737230524,3
133,0.03834586466169787,2
125,0.040800000000046535,2
169,0.03017751479293383,3
126,0.04047619047623664,2
130,0.03923076923081398,3
140,0.03642857142861298,2
148,0.03445945945949876,2
139,0.03669064748205624,3
128,0.03984375000004545,2
129,0.03953488372097533,2
365,0.013972602739741964,5
238,0.02142857142859587,3
152,0.03355263157898564,3
134,0.03805970149258073,2
127,0.04015748031500643,2
138,0.03695652173917259,3
155,0.03290322580648914,2
142,0.03591549295778745,3
147,0.03469387755105998,2
138,0.03695652173917259,2
134,0.03805970149258073,3
133,0.03834586466169787,2
144,0.035416666666707064,2
157,0.03248407643315807,3
130,0.03923076923081398,2
137,0.03722627737230524,3
130,0.03923076923081398,2
195,0.026153846153875986,3
220,0.023181818181844623,3
134,0.03805970149258073,2
147,0.03469387755105998,3
131,0.03893129770996807,2
133,0.03834586466169787,2
130,0.03923076923081398,3
121,0.04214876033062659,2
133,0.03834586466169787,2
130,0.03923076923081398,2
122,0.041803278688572275,2
139,0.03669064748205624,3
171,0.029239766081871323,3
213,0.023943661971858297,3
272,0.01875000000002139,3
264,0.019318181818203852,4
207,0.024637681159448397,3
222,0.02297297297299918,3
295,0.017288135593240057,4
224,0.022767857142883114,3
140,0.03642857142861298,3
134,0.03805970149258073,2
139,0.03669064748205624,2
125,0.040800000000046535,2
123,0.04146341463419364,3
132,0.038636363636407704,2
118,0.04322033898310015,2
137,0.03722627737230524,2
117,0.04358974358979331,3
131,0.03893129770996807,2
127,0.04015748031500643,2
138,0.03695652173917259,3
134,0.03805970149258073,3
135,0.03777777777782087,2
122,0.041803278688572275,2
152,0.03355263157898564,3
311,0.016398713826385265,4
209,0.024401913875625923,3
216,0.023611111111138044,3
216,0.023611111111138044,3
231,0.02207792207794726,3
119,0.042857142857191756,3
177,0.028813559322066765,2
153,0.03333333333337135,3
119,0.04285714285719175,2
141,0.0361702127659987,2
126,0.04047619047623664,3
141,0.0361702127659987,2
132,0.038636363636407704,2
132,0.038636363636407704,3
155,0.03290322580648914,2
137,0.03722627737230524,2
125,0.040800000000046535,3
132,0.038636363636407704,2
155,0.03290322580648914,2
563,0.009058614564841593,7
341,0.014956011730222337,4
130,0.03923076923081398,3
146,0.034931506849354914,2
135,0.03777777777782087,2
132,0.038636363636407704,3
137,0.03722627737230524,2
132,0.038636363636407704,2
129,0.03953488372097533,3
139,0.03669064748205624,2
136,0.03750000000004278,2
172,0.029651162790731496,3
130,0.03923076923081398,2
135,0.03777777777782087,3
134,0.03805970149258073,3
129,0.03953488372097533,2
147,0.03469387755105998,3
130,0.03923076923081398,2
133,0.03834586466169787,2
135,0.03777777777782087,2
138,0.03695652173917259,3
149,0.03422818791950213,2
124,0.04112903225811143,3
145,0.035172413793143564,2
128,0.03984375000004545,2
152,0.03355263157898564,3
136,0.03750000000004278,2
130,0.03923076923081398,2
152,0.03355263157898564,3
133,0.03834586466169787,2
134,0.03805970149258073,2
137,0.03722627737230524,3
134,0.03805970149258073,2
133,0.03834586466169787,2
130,0.03923076923081398,3
142,0.03591549295778745,2
138,0.03695652173917259,2
142,0.035915492957787454,3
151,0.03377483443712462,2
177,0.028813559322066768,3
192,0.026562500000030298,3
141,0.0361702127659987,2
135,0.03777777777782087,3
141,0.0361702127659987,2
151,0.03377483443712462,2
138,0.03695652173917259,3
156,0.032692307692344984,2
138,0.03695652173917259,3
122,0.04098360655737702,2
128,0.03984375000004545,2
148,0.03445945945949876,3
138,0.03695652173917259,2
135,0.03777777777782087,2
147,0.03469387755105998,3
138,0.03695652173917259,2
138,0.03695652173917259,2
138,0.03695652173917259,3
149,0.03422818791950213,2
143,0.035664335664376344,3
132,0.03863636363640771,2
160,0.03187500000003636,3
192,0.026562500000030298,2
248,0.020564516129055715,4
268,0.019029850746290364,3
207,0.024637681159448394,4
124,0.04112903225811143,2
132,0.038636363636407704,2
156,0.032692307692344984,3
128,0.03906249999999997,2
134,0.03805970149258073,2
158,0.032278481012695044,3
139,0.03669064748205624,2
146,0.034931506849354914,3
142,0.035915492957787454,3
137,0.03722627737230524,2
135,0.03777777777782087,3
279,0.01827956989249397,3
185,0.02756756756759901,3
127,0.04015748031500643,2
140,0.03642857142861298,3
146,0.034931506849354914,2
135,0.03777777777782087,3
135,0.03777777777782087,2
148,0.03445945945949876,2
151,0.03377483443712462,3
130,0.03923076923081398,2
149,0.03422818791950213,3
131,0.03893129770996807,2
154,0.03311688311692089,2
126,0.04047619047623664,3
121,0.04214876033062659,2
136,0.03750000000004278,2
134,0.03805970149258073,2
149,0.03422818791950213,3
134,0.03805970149258073,2
137,0.03722627737230524,2
135,0.03777777777782087,3
119,0.04285714285719175,2
125,0.03840000000013967,2
132,0.04015151515142693,3
106,0.0481132075472247,2
139,0.03669064748205624,2
164,0.03109756097564523,3
115,0.04434782608700712,3
111,0.04594594594599836,2
130,0.03923076923081398,2
134,0.03805970149258073,2
115,0.04434782608700712,2
112,0.04553571428576623,3
139,0.03597122302158271,2
121,0.04214876033062659,2
123,0.04146341463419364,2
123,0.041463414634193646,3
87,0.0586206896552393,1
120,0.04250000000004848,3
107,0.04766355140192353,2
105,0.04857142857148397,2
121,0.04214876033062659,2
185,0.02756756756759901,3
137,0.037226277372305244,2
141,0.03758865248218692,2
121,0.04214876033062659,3
112,0.04553571428576624,3
131,0.03893129770996807,2
120,0.042500000000048485,2
127,0.04015748031500644,2
200,0.02550000000002909,3
276,0.018478260869586295,4
178,0.028651685393291108,3
202,0.025247524752504046,3
246,0.020731707317096823,3
199,0.02562814070354682,3
149,0.03422818791950213,3
109,0.04678899082574145,3
158,0.03291139240495275,2
137,0.03722627737230524,2
109,0.04678899082574146,3
113,0.045132743362883344,2
149,0.034228187919502134,2
124,0.04112903225811143,2
134,0.03805970149258073,3
149,0.03355704697986575,2
128,0.03984375000004545,2
130,0.039230769230813985,3
139,0.03669064748205624,2
147,0.03469387755105998,2
149,0.03422818791950213,3
188,0.027127659574499034,3
190,0.02684210526318851,3
145,0.035172413793143564,2
123,0.04146341463419364,2
134,0.038059701492580734,3
139,0.03669064748205624,2
206,0.0247572815534263,3
224,0.022767857142883114,3
137,0.037226277372305244,2
146,0.034931506849354914,3
141,0.03617021276599871,2
126,0.040476190476236656,2
122,0.042622950819528965,3
135,0.03777777777782087,2
133,0.03834586466169788,2
118,0.043220338983100154,2
132,0.03712121212138848,3
128,0.04062499999986355,2
129,0.03953488372097533,2
131,0.03816793893129769,3
134,0.03805970149258073,2
153,0.03333333333337135,2
128,0.03906249999999997,3
140,0.03642857142861298,2
135,0.037777777777820876,2
111,0.04594594594599836,2
174,0.029310344827619638,3
144,0.035416666666707064,3
126,0.040476190476236656,2
127,0.04015748031500643,2
136,0.03750000000004278,2
158,0.033544303797394655,3
133,0.03834586466169788,2
116,0.043965517241429455,2
157,0.03248407643315807,3
117,0.04358974358979331,2
116,0.043965517241429476,2
190,0.026842105263188518,3
137,0.03722627737230524,2
136,0.03750000000004278,3
136,0.03750000000004278,2
143,0.035664335664376344,3
117,0.04358974358979332,2
111,0.04594594594599837,2
118,0.04322033898310015,2
181,0.028176795580142636,3
180,0.02833333333336565,2
130,0.03923076923081398,3
156,0.032692307692344984,2
144,0.03541666666670707,3
134,0.03805970149258073,2
115,0.0443478260870071,2
143,0.03566433566437635,2
166,0.030722891566300103,3
126,0.04047619047623664,2
114,0.040350877193033485,2
148,0.037162162162162136,3
146,0.03493150684935492,2
135,0.037777777777820876,3
240,0.02125000000002424,3
215,0.0237209302325852,3
143,0.035664335664376344,3
127,0.04015748031500643,2
149,0.03422818791950213,2
115,0.0443478260870071,2
143,0.035664335664376344,3
143,0.035664335664376344,2
118,0.04322033898310015,2
123,0.041463414634193646,2
130,0.039230769230813985,3
148,0.03445945945949876,2
206,0.0247572815534263,3
134,0.038059701492580734,3
110,0.04545454545454542,2
132,0.038636363636407704,2
104,0.04903846153851748,2
129,0.039534883720975335,2
143,0.03566433566437635,3
128,0.039843750000045454,2
120,0.04250000000004848,2
134,0.03805970149258073,2
142,0.03591549295778745,3
123,0.04146341463419364,2
120,0.04250000000004848,2
180,0.02833333333336565,3
145,0.03724137931030466,2
135,0.03777777777782087,3
114,0.044736842105314194,2
144,0.035416666666707064,2
107,0.047663551401923535,2
126,0.04047619047623665,3
141,0.0361702127659987,2
195,0.02615384615387599,3
130,0.039230769230813985,2
119,0.04285714285719174,2
167,0.031137724550793618,3
124,0.04112903225811143,2
131,0.038931297709968074,2
129,0.03798449612421147,3
177,0.02937853107334765,2
132,0.03863636363640771,3
159,0.03144654088050313,2
125,0.040800000000046535,2
131,0.0396946564884163,3
89,0.057303370786582236,2
123,0.039837398374173,2
104,0.04999999999983206,2
109,0.04678899082574144,2
93,0.054838709677481924,2
115,0.0443478260870071,2
97,0.05257731958768884,2
108,0.047222222222276095,2
102,0.050000000000057034,2
121,0.04214876033062659,2
125,0.040800000000046535,2
105,0.04857142857148397,2
108,0.04722222222227609,2
95,0.053684210526377035,2
99,0.05151515151521027,2
94,0.05425531914899807,2
123,0.04146341463419364,2
103,0.049514563106852594,2
143,0.035664335664376344,2
126,0.03888888888907365,2
145,0.03586206896539679,3
114,0.044736842105314194,2
149,0.03422818791950213,2
262,0.019465648854984034,4
143,0.035664335664376344,2
115,0.04434782608700712,2
155,0.03290322580648915,3
156,0.03269230769234499,2
134,0.038059701492580734,3
116,0.043965517241429455,2
164,0.031097560975645228,2
121,0.04214876033062659,3
125,0.040800000000046535,2
125,0.04080000000004655,2
141,0.0361702127659987,2
134,0.03805970149258074,3
121,0.04214876033062659,2
115,0.04173913043493442,2
118,0.04491525423718945,2
137,0.03722627737230524,3
121,0.04214876033062659,2
148,0.03445945945949876,2
143,0.03566433566437635,3
120,0.042500000000048485,2
120,0.04250000000004848,2
122,0.041803278688572275,2
115,0.0443478260870071,2
112,0.04375000000020785,2
135,0.03851851851838914,3
127,0.04015748031500644,2
127,0.04015748031500644,2
126,0.03650793650798268,2
136,0.040441176470588217,3
145,0.035172413793143564,2
150,0.034000000000038784,3
147,0.03469387755105998,2
106,0.0481132075472247,2
122,0.04180327868857229,2
117,0.04358974358979332,2
156,0.032692307692344984,3
136,0.03750000000004278,2
121,0.04214876033062659,2
146,0.034931506849354914,3
145,0.035172413793143564,2
281,0.01814946619219152,4
133,0.03834586466169788,2
138,0.03695652173917259,3
142,0.03591549295778745,2
120,0.04250000000004849,2
159,0.032075471698149796,3
149,0.03422818791950213,2
138,0.03695652173917259,3
136,0.03750000000004278,2
132,0.03863636363640771,2
135,0.03777777777782087,3
145,0.035172413793143564,2
135,0.03777777777782087,2
126,0.04047619047623664,3
143,0.035664335664376344,2
131,0.03893129770996807,2
120,0.04250000000004848,2
150,0.034000000000038784,3
131,0.03893129770996807,2
141,0.0361702127659987,3
134,0.03805970149258073,2
153,0.03333333333337135,2
152,0.03355263157898564,3
121,0.04214876033062659,2
142,0.035915492957787454,2
135,0.03777777777782087,3
134,0.03805970149258073,2
135,0.03777777777782087,2
159,0.032075471698149796,3
137,0.03722627737230524,2
140,0.03642857142861298,3
141,0.0361702127659987,2
137,0.03722627737230524,2
108,0.047222222222276095,2
283,0.018021201413448117,4
240,0.02125000000002424,4
210,0.024285714285741986,3
244,0.020901639344286137,3
146,0.034931506849354914,2
153,0.03333333333337135,3
168,0.030357142857177482,3
151,0.03377483443712462,2
114,0.04473684210531419,2
108,0.04722222222227609,2
112,0.04553571428576623,2
109,0.04678899082574144,2
112,0.04553571428576623,3
132,0.038636363636407704,2
128,0.03984375000004545,2
123,0.04146341463419364,2
126,0.04047619047623664,3
129,0.03953488372097533,2
126,0.04047619047623664,2
130,0.03923076923081398,2
132,0.038636363636407704,3
125,0.040800000000046535,2
225,0.022666666666692523,3
255,0.020000000000022812,4
214,0.023831775700961764,3
234,0.021794871794896656,3
257,0.01984435797667633,3
223,0.02286995515697676,4
127,0.04015748031500643,2
151,0.03377483443712462,2
129,0.03953488372097533,3
132,0.038636363636407704,2
138,0.03695652173917259,2
132,0.03939393939380708,3
144,0.035416666666707064,2
146,0.034931506849354914,2
131,0.03893129770996807,3
217,0.023502304147492246,3
411,0.012408759124101745,5
155,0.03290322580648914,2
127,0.04015748031500643,3
121,0.04214876033062659,2
128,0.03984375000004545,2
184,0.027717391304379443,3
142,0.03591549295778745,2
130,0.03923076923081398,3
144,0.035416666666707064,2
143,0.035664335664376344,2
134,0.03805970149258073,3
153,0.03333333333337135,2
132,0.038636363636407704,2
134,0.03805970149258073,3
134,0.03805970149258073,2
174,0.029310344827619638,3
209,0.02440191387562592,3
142,0.03591549295778745,2
130,0.03923076923081398,2
132,0.038636363636407704,3
133,0.03834586466169787,2
128,0.03984375000004545,2
126,0.04047619047623664,2
133,0.03834586466169787,3
147,0.03469387755105998,2
117,0.04358974358979331,2
127,0.04015748031500643,3
122,0.041803278688572275,2
126,0.04047619047623664,2
139,0.03669064748205624,2
142,0.03591549295778745,3
141,0.0361702127659987,2
135,0.03777777777782087,3
130,0.03923076923081398,2
126,0.04047619047623665,2
140,0.03642857142861298,2
141,0.0361702127659987,3
143,0.035664335664376344,2
77,0.06623376623384182,2
17,0.317647058823187,1
42,0.17380952380993955,2
42,0.12857142857128998,1
43,0.12325581395321762,1
201,0.024875621890547255,3
2,1.5500000000029104,1
12,0.5833333333333334,2
104,0.049999999999832075,2
137,0.03722627737230524,2
121,0.04214876033062659,2
162,0.03148148148151739,3
140,0.03642857142861298,2
128,0.03984375000004545,2
128,0.03984375000004545,3
126,0.04047619047623664,2
126,0.04047619047623664,2
126,0.04047619047623664,2
146,0.034931506849354914,3
121,0.04214876033062659,2
134,0.03805970149258073,2
127,0.04015748031500644,2
132,0.038636363636407704,3
130,0.03923076923081398,2
230,0.02217391304350355,3
246,0.02073170731709682,4
262,0.019465648854984034,3
30,0.17333333333275125,1
293,0.028327645051154794,4
259,0.01969111969114215,4
251,0.02031872509962477,3
239,0.021338912133915554,4
278,0.01834532374102812,3
216,0.023611111111138044,4
266,0.019172932330848935,3
326,0.015644171779158948,4
253,0.020158102766821416,4
245,0.02081632653063599,3
250,0.020400000000023268,4
195,0.024615384615474148,3
153,0.03464052287574089,2
158,0.03227848101269505,3
186,0.02741935483874095,2
257,0.01984435797667633,4
215,0.023720930232585195,3
228,0.022368421052657093,3
210,0.023809523809523794,3
223,0.02286995515697676,4
131,0.03893129770996808,2
171,0.029824561403542796,2
211,0.023222748815276206,3
186,0.027956989247217925,3
182,0.02802197802200999,3
114,0.0447368421053142,2
155,0.03290322580648914,3
153,0.03333333333337135,2
163,0.031288343558317895,3
164,0.031097560975645228,2
158,0.032278481012695044,3
161,0.031677018633576505,2
151,0.03377483443712462,3
190,0.02684210526318851,3
127,0.04015748031500643,2
143,0.035664335664376344,2
144,0.035416666666707064,3
149,0.03422818791950213,2
144,0.035416666666707064,3
313,0.016293929712478648,4
242,0.021074380165313294,3
139,0.03669064748205624,3
145,0.035172413793143564,2
153,0.03333333333337135,3
241,0.021161825726165217,3
119,0.04285714285719174,2
172,0.029651162790731496,3
140,0.03642857142861298,2
146,0.034931506849354914,3
164,0.031097560975645228,2
142,0.03591549295778745,3
131,0.03893129770996807,2
125,0.04080000000004655,2
117,0.04358974358979331,2
230,0.02217391304350355,3
180,0.02833333333336565,3
125,0.040800000000046535,2
94,0.0531914893617021,2
119,0.04285714285719174,3
138,0.03695652173917259,2
142,0.03591549295778745,2
134,0.03805970149258073,3
139,0.03669064748205624,2
144,0.035416666666707064,2
133,0.03834586466169787,3
30,0.04000000000038803,1
157,0.018471337579766132,5
271,0.018819188192010786,6
255,0.020000000000136953,4
227,0.022466960352576754,3
158,0.03227848101287926,2
261,0.019923371647554176,4
306,0.016666666666780794,18
191,0.025130890052599813,10
151,0.03576158940412769,11
200,0.023500000000058203,9
241,0.022821576763726995,9
136,0.03308823529454563,8
128,0.0460937500001819,12
126,0.03412698412735369,6
118,0.050000000000197296,3
153,0.028758169934792688,5
167,0.034730538922434516,4
135,0.0318518518517656,5
141,0.04184397163178362,12
152,0.0263157894736842,6
140,0.044285714286213196,9
141,0.03617021276620513,10
204,0.02500000000017119,6
197,0.02538071066019394,11
148,0.03648648648664379,10
158,0.03164556962062156,13
162,0.033333333333477044,12
166,0.02831325301246896,9
144,0.038194444444444434,10
144,0.031250000000404204,7
173,0.03294797687868,11
135,0.034814814815332204,9
137,0.04014598540145984,8
184,0.026086956521992197,9
155,0.03483870967756956,6
148,0.031756756756835404,10
133,0.04135338345908426,7
151,0.02715231788102598,10
126,0.04047619047646765,6
164,0.027439024390598817,8
169,0.033727810650956445,4
243,0.01851851851851851,8
193,0.029533678756838593,4
165,0.02787878787899953,8
156,0.03397435897465746,22
149,0.03221476510098365,13
142,0.040140845070504506,16
147,0.03401360544257283,11
126,0.042857142857327626,13
172,0.027325581395754927,9
153,0.03267973856209149,15
135,0.03925925925960419,9
144,0.03958333333381839,15
94,0.05425531914930771,3
177,0.028813559322231203,3
81,0.06419753086434124,2
158,0.03227848101287926,3
132,0.0386363636366282,2
149,0.03422818791969747,15
145,0.0331034482761832,10
235,0.02297872340435439,9
247,0.02510121457518157,10
152,0.034210526316249,7
152,0.02828947368451687,7
165,0.033333333333333326,14
130,0.03923076923103787,12
153,0.03725490196124083,16
139,0.03453237410105442,9
151,0.03576158940412769,14
148,0.034459459459695425,9
136,0.03970588235354036,13
128,0.03671875000054568,10
147,0.037414965986394544,13
149,0.028859060402997076,6
127,0.045669291338491,15
140,0.035000000000166294,10
132,0.04015151515186791,14
166,0.030120481928061483,9
147,0.0367346938777094,14
157,0.0305732484079399,9
154,0.03506493506508625,14
130,0.034615384615832356,7
138,0.0413043478261713,6
158,0.027215189873712433,8
156,0.03782051282066206,7
140,0.03571428571470147,9
139,0.03381294964079027,10
142,0.042253521127170464,19
137,0.040145985401884715,14
129,0.037209302325942356,8
136,0.041911764706395946,14
127,0.037795275590917846,9
144,0.037500000000161675,14
147,0.02925170068058888,6
134,0.044029850746442396,15
129,0.03953488372120095,10
162,0.02839506172861064,26
139,0.0381294964032127,14
136,0.039705882353112364,16
140,0.03428571428604689,9
137,0.04087591240901404,17
321,0.015887850467398514,15
165,0.03151515151557483,18
150,0.028666666666977095,8
148,0.03986486486502217,17
133,0.03458646616567611,8
145,0.04000000000032113,15
134,0.03432835820921584,8
124,0.045161290322862285,3
126,0.040476190476467645,7
138,0.0369565217393835,6
129,0.03953488372120095,3
141,0.03617021276620513,18
128,0.03750000000036379,9
134,0.04029850746286031,11
118,0.04322033898334681,5
137,0.037226277372517685,16
145,0.03517241379334429,10
168,0.032142857143342196,12
148,0.03040540540579869,11
130,0.04538461538479447,16
122,0.04180327868881085,4
160,0.03187500000021827,17
131,0.03511450381706048,8
136,0.04117647058849208,15
126,0.04047619047646764,4
141,0.03617021276620513,17
142,0.035915492957992415,7
136,0.037500000000256786,10
134,0.03805970149279793,4
137,0.037226277372517685,9
141,0.03617021276620513,6
132,0.0386363636366282,9
141,0.03617021276620513,10
159,0.03207547169833285,13
141,0.029078014184644844,11
143,0.03566433566457989,10
157,0.03248407643334346,4
142,0.035915492957992415,12
141,0.03262411347542499,7
142,0.04295774647911917,15
141,0.03617021276620513,4
219,0.023287671233036177,13
146,0.03493150684955427,6
148,0.034459459459695425,15
150,0.032000000000310426,8
141,0.03829787234059065,9
126,0.03571428571474767,9
113,0.05221238938073701,4
130,0.034615384615832356,6
135,0.043703703703876155,4
138,0.03260869565259569,8
149,0.03959731543639786,11
132,0.035606060606148786,8
134,0.04104477611983736,8
128,0.039843750000272835,9
145,0.03517241379334429,9
157,0.03248407643334346,10
129,0.0403100775199213,6
152,0.03355263157917712,3
122,0.04180327868881084,5
145,0.03517241379334429,4
153,0.03333333333356159,5
154,0.03116883116913354,8
138,0.039130434782777404,14
130,0.03538461538488402,7
143,0.03916083916108338,13
144,0.03541666666690919,7
134,0.03805970149279793,15
133,0.038345864661916716,4
180,0.02833333333352735,16
130,0.039230769231037875,10
143,0.03566433566457988,27
113,0.04513274336262581,9
144,0.03541666666690919,19
123,0.041463414634430276,9
137,0.037226277372517685,17
148,0.03378378378378377,12
118,0.04406779661076143,13
179,0.028491620111926942,6
130,0.03923076923103787,20
141,0.030496453901039465,12
156,0.039102564102787965,20
127,0.04015748031523562,12
257,0.02101167315206805,15
314,0.01624203821667173,7
133,0.03082706766943551,21
124,0.049193548387378425,6
160,0.03187500000021827,18
153,0.02614379085005364,11
124,0.04112903225834616,16
132,0.030303030303030297,6
167,0.030538922155897742,8
118,0.05169491525453326,4
107,0.04766355140219554,7
141,0.03191489361743408,9
135,0.04370370370387617,4
119,0.04285714285743634,4
123,0.041463414634430276,6
139,0.032374100719424447,6
198,0.028787878788231552,4
105,0.04095238095282442,5
150,0.03866666666658905,5
135,0.03333333333333332,8
153,0.03725490196124083,3
127,0.03622047244121986,6
130,0.043076923077191714,6
120,0.04250000000029104,9
129,0.03953488372120095,19
132,0.0371212121213885,4
157,0.033121019108354396,18
120,0.04000000000038804,9
111,0.04864864864885839,13
142,0.03521126760563379,4
127,0.04015748031523562,17
126,0.03571428571474767,10
140,0.03428571428563112,19
154,0.03636363636386313,12
179,0.03128491620131242,16
116,0.04396551724168038,5
154,0.03311688311710989,19
115,0.04173913043518753,9
144,0.027777777777777773,16
121,0.05371900826494385,10
169,0.03017751479310605,17
124,0.04112903225834615,4
189,0.02698412698431176,14
215,0.023255813953488365,8
149,0.03422818791969747,13
144,0.03541666666690919,8
124,0.04112903225834616,14
150,0.040666666666899484,5
153,0.03333333333356159,13
121,0.04214876033086713,5
172,0.023837209302528622,7
115,0.05304347826117324,4
131,0.03893129771019025,7
123,0.04146341463443027,6
134,0.03805970149279793,9
144,0.03472222222262643,10
124,0.04354838709696195,5
116,0.04396551724168038,4
122,0.04180327868881085,8
115,0.044347826087260206,5
165,0.030909090909302564,20
164,0.03109756097582271,20
140,0.02857142857142856,21
131,0.04503816793955335,10
133,0.042105263158157324,15
135,0.03777777777803647,5
162,0.02469135802505066,21
118,0.05169491525453324,10
131,0.041221374045979246,14
170,0.0270588235296172,8
201,0.02835820895528179,17
199,0.02562814070369308,7
163,0.03128834355849646,16
128,0.03984375000027285,4
133,0.038345864661916716,20
155,0.03290322580667692,6
147,0.03537414965994313,19
126,0.03650793650821368,7
191,0.030890052356447584,20
138,0.0369565217393835,9
171,0.029824561403713003,19
138,0.0369565217393835,6
128,0.039843750000272835,18
475,0.010105263157992768,13
157,0.03566878980913964,17
117,0.032478632479030475,11
160,0.03187500000021827,17
126,0.03412698412735368,8
140,0.042142857143023446,5
117,0.03931623931653781,8
136,0.03308823529454563,4
136,0.04191176470596795,8
134,0.041791044776380036,4
131,0.03893129771019025,22
159,0.03207547169833285,16
132,0.03106060606087063,11
119,0.04285714285743633,15
120,0.040833333333527344,4
166,0.0313253012048894,20
117,0.03846153846153845,9
134,0.04179104477638002,16
145,0.03517241379334429,10
137,0.037226277372517685,14
116,0.035344827586507956,11
157,0.03248407643334346,14
105,0.04857142857176118,5
129,0.03953488372120095,18
121,0.04545454545454545,8
171,0.0333333333337418,17
137,0.03357664233602133,7
123,0.03983739837417302,16
122,0.036885245902116455,16
143,0.039160839161083386,16
119,0.04033613445417282,8
153,0.03725490196124083,16
145,0.03517241379334429,5
137,0.03722627737251769,23
134,0.035820895522735555,11
140,0.03642857142840511,18
150,0.040000000000388045,10
136,0.038970588235636504,14
107,0.04766355140219554,2
113,0.04513274336314092,2
165,0.03393939393925282,2
130,0.03923076923103787,2
180,0.022222222222222216,15
316,0.019620253164777994,21
155,0.02516129032273085,12
121,0.05206611570286417,13
151,0.030463576159171675,8
141,0.04042553191497617,20
135,0.033333333333333326,10
141,0.04042553191538899,16
164,0.025609756097986873,12
143,0.044055944055862634,14
127,0.031496062992584305,10
134,0.03955223880631764,14
132,0.0386363636366282,9
127,0.04173228346493359,18
124,0.04677419354829321,10
130,0.040000000000537286,13
147,0.027210884354137457,10
187,0.02727272727291403,14
128,0.031249999999999986,13
115,0.05391304347886825,11
154,0.027272727273180832,5
144,0.04166666666666666,2
138,0.031159420290192495,4
130,0.045384615384794484,3
118,0.041525423729010864,15
121,0.04380165289294682,7
133,0.0338345864661654,9
113,0.050442477876724325,11
120,0.037500000000485055,7
130,0.04307692307674396,10
127,0.04015748031523561,11
122,0.03442622950829213,10
117,0.045299145299543285,4
150,0.040000000000388045,2
132,0.03181818181827,5
150,0.04000000000038804,2
164,0.025609756097986873,12
156,0.03461538461553385,25
126,0.04365079365125562,15
139,0.039568345323741,14
129,0.03953488372120095,9
128,0.03984375000027285,16
140,0.028571428571844328,12
371,0.014016172506769918,16
140,0.03214285714285713,8
125,0.04560000000055878,18
122,0.04016393442642034,12
144,0.036805555555878916,13
120,0.04250000000029104,4
124,0.04112903225834616,13
118,0.037288135593417655,8
157,0.036942675159532264,12
123,0.038211382114389,8
125,0.04399999999999999,9
145,0.03241379310352855,20
122,0.04508196721359185,15
138,0.0326086956525957,8
132,0.04318181818190637,15
136,0.030882352941690054,14
119,0.05210084033623227,12
125,0.036000000000465646,7
141,0.039716312056572445,16
120,0.03916666666724874,9
126,0.04603174603211561,15
123,0.03414634146398251,11
131,0.04732824427489801,12
116,0.0405172413794107,11
148,0.03716216216255545,16
141,0.03404255319181961,8
135,0.04000000000017245,14
119,0.04201680672268908,10
152,0.034210526316249,16
136,0.036764705882352935,4
112,0.05535714285776651,2
166,0.030722891566475438,5
131,0.04580152671800157,2
158,0.02848101265859624,10
130,0.036923076923435126,18
140,0.04000000000066522,9
139,0.04316546762589927,16
106,0.046226415094559256,9
113,0.04690265486766872,11
128,0.03828125000018189,10
150,0.03533333333364376,13
133,0.03684210526333294,9
300,0.01766666666682188,8
252,0.019047619047803825,11
134,0.04029850746286031,4
129,0.03953488372120095,9
100,0.05100000000034924,4
148,0.03378378378378378,11
137,0.03795620438007188,10
122,0.04016393442642034,9
120,0.04333333333343034,8
164,0.029878048780629763,11
116,0.04568965517281521,8
159,0.025157232704402503,10
178,0.028651685393454633,11
219,0.024657534246947437,25
132,0.04015151515142695,18
143,0.03916083916149042,9
153,0.035947712418300644,17
159,0.03144654088086922,10
162,0.027160493827304205,17
135,0.037777777778036474,10
122,0.05081967213172006,14
132,0.03030303030303029,13
143,0.043356643357131804,14
121,0.03636363636382878,7
119,0.05042016806771602,13
139,0.03381294964037151,9
138,0.03985507246418991,12
143,0.03286713286762131,9
139,0.04100719424468806,12
128,0.03671875000054568,9
137,0.04233576642369755,15
126,0.039682539683001644,10
128,0.0421875000001819,6
140,0.0357142857142857,10
133,0.03909774436142744,7
137,0.028467153284841472,11
143,0.04405594405626968,4
155,0.03225806451612902,22
160,0.02562500000021827,24
143,0.03916083916149042,7
138,0.043478260869987,18
201,0.024875621890836846,13
170,0.03235294117681298,16
142,0.03521126760563379,9
167,0.031137724551316453,14
137,0.029197080292395663,12
143,0.03706293706326269,15
140,0.03357142857151171,8
151,0.036423841059988124,20
130,0.04076923076958896,9
145,0.03793103448316004,15
199,0.020603015075552376,11
170,0.037058823529343275,16
204,0.023039215686616904,9
231,0.024675324675375063,18
225,0.017777777777777774,11
235,0.025106382978822474,15
142,0.03732394366229975,10
121,0.04380165289294681,14
123,0.03495934959387452,11
138,0.0449275362323902,14
119,0.03949579831942556,11
116,0.047413793103950067,15
134,0.029850746269091087,10
164,0.031097560975822707,14
170,0.028823529412244052,12
168,0.03273809523809523,18
139,0.03812949640321269,9
148,0.03581081081073214,21
127,0.03464566929198024,11
84,0.02976190476190475,7
